Workbook

Sheet 公司存款明细
A1: 公司存款业务日报表
A2: 报告日期：2026-04-09 单位：万元（人民币）
A3: 机构编号 | B3: 机构名称 | C3: 存款类型 | D3: 时点余额 | E3: 比昨日 | F3: 比月初 | G3: 比年初 | H3: 日均余额 | I3: 日均比昨日 | J3: 日均比月初 | K3: 日均比年初 | L3: 本月新增 | M3: 本月到期 | N3: 同比增长率 | O3: 年度目标 | P3: 目标完成率 | Q3: 风险等级
A4: 1001 | B4: 总行营业部 | C4: 活期存款 | D4: 285600.5 | E4: 1200 | F4: 8500 | G4: 32000 | H4: 278900.3 | I4: 980 | J4: 7200 | K4: 28500 | L4: 5600 | M4: 3200 | N4: 0.085 | O4: 350000 | P4: =IF(O4=0,"-",D4/O4) -> 0.81600143 | Q4: 低
A5: 1002 | B5: 城东支行 | C5: 定期存款 | D5: 198500 | E5: -800 | F5: 4200 | G5: 18000 | H5: 192300 | I5: -500 | J5: 3800 | K5: 16500 | L5: 8200 | M5: 5100 | N5: 0.062 | O5: 220000 | P5: =IF(O5=0,"-",D5/O5) -> 0.90227273 | Q5: 低
A6: 1003 | B6: 城西支行 | C6: 活期存款 | D6: 156800.75 | E6: 3500 | F6: 6800 | G6: -5200 | H6: 151200.5 | I6: 2800 | J6: 5500 | K6: -4800 | L6: 4300 | M6: 2800 | N6: -0.032 | O6: 170000 | P6: =IF(O6=0,"-",D6/O6) -> 0.92235735 | Q6: 中
A7: 1004 | B7: 城南支行 | C7: 通知存款 | D7: 89200 | E7: 600 | F7: 2100 | G7: 9500 | H7: 87600 | I7: 450 | J7: 1800 | K7: 8200 | L7: 3100 | M7: 1900 | N7: 0.112 | O7: 100000 | P7: =IF(O7=0,"-",D7/O7) -> 0.892 | Q7: 低
A8: 1005 | B8: 城北支行 | C8: 活期存款 | D8: 132400.3 | E8: -1500 | F8: -1200 | G8: 7500 | H8: 128900 | I8: -1200 | J8: -800 | K8: 6800 | L8: 2800 | M8: 4500 | N8: 0.058 | O8: 150000 | P8: =IF(O8=0,"-",D8/O8) -> 0.88266867 | Q8: 中
A9: 1006 | B9: 开发区支行 | C9: 定期存款 | D9: 215000 | E9: 2800 | F9: 12000 | G9: 45000 | H9: 208500 | I9: 2200 | J9: 10500 | K9: 38000 | L9: 12000 | M9: 6800 | N9: 0.145 | O9: 250000 | P9: =IF(O9=0,"-",D9/O9) -> 0.86 | Q9: 低
A10: 1007 | B10: 高新区支行 | C10: 活期存款 | D10: 95800.5 | E10: 900 | F10: 3500 | G10: 12000 | H10: 93200 | I10: 700 | J10: 3000 | K10: 10500 | L10: 2200 | M10: 1500 | N10: 0.098 | O10: 110000 | P10: =IF(O10=0,"-",D10/O10) -> 0.87091364 | Q10: 低
A11: 1008 | B11: 滨海支行 | C11: 定期存款 | D11: 178900 | E11: -2200 | F11: 5800 | G11: 22000 | H11: 172600 | I11: -1800 | J11: 4500 | K11: 19000 | L11: 6500 | M11: 8200 | N11: 0.075 | O11: 200000 | P11: =IF(O11=0,"-",D11/O11) -> 0.8945 | Q11: 中
A12: 1009 | B12: 商贸区支行 | C12: 活期存款 | D12: 112500.8 | E12: 1800 | F12: 7200 | G12: 15000 | H12: 108900 | I12: 1500 | J12: 6000 | K12: 13000 | L12: 3800 | M12: 2100 | N12: 0.128 | O12: 130000 | P12: =IF(O12=0,"-",D12/O12) -> 0.86539077 | Q12: 低
A13: 1010 | B13: 科技园支行 | C13: 通知存款 | D13: 76300 | E13: 400 | F13: 1800 | G13: 8500 | H13: 74500 | I13: 300 | J13: 1500 | K13: 7200 | L13: 1900 | M13: 1200 | N13: 0.092 | O13: 85000 | P13: =IF(O13=0,"-",D13/O13) -> 0.89764706 | Q13: 低
A14: 1011 | B14: 工业园区支行 | C14: 定期存款 | D14: 245000 | E14: 5200 | F14: 15000 | G14: 58000 | H14: 238000 | I14: 4500 | J14: 13200 | K14: 50000 | L14: 15000 | M14: 9500 | N14: 0.168 | O14: 280000 | P14: =IF(O14=0,"-",D14/O14) -> 0.875 | Q14: 低
A15: 1012 | B15: 新城支行 | C15: 活期存款 | D15: 68900.5 | E15: -600 | F15: 1200 | G15: 5800 | H15: 67200 | I15: -400 | J15: 900 | K15: 5000 | L15: 1800 | M15: 2200 | N15: 0.045 | O15: 80000 | P15: =IF(O15=0,"-",D15/O15) -> 0.86125625 | Q15: 中
... A18: 1015 | B18: 老城区支行 | C18: 通知存款 | D18: 52800 | E18: -300 | F18: 800 | G18: 3200 | H18: 51200 | I18: -200 | J18: 600 | K18: 2800 | L18: 1200 | M18: 1800 | N18: 0.028 | O18: 60000 | P18: =IF(O18=0,"-",D18/O18) -> 0.88 | Q18: 高
B19: 合 计 | D19: =SUM(D4:D18) -> 2232503.4 | E19: =SUM(E4:E18) -> 15800 | F19: =SUM(F4:F18) -> 87200 | G19: =SUM(G4:G18) -> 301300 | H19: =SUM(H4:H18) -> 2167700.8 | I19: =SUM(I4:I18) -> 13130 | J19: =SUM(J4:J18) -> 74400 | K19: =SUM(K4:K18) -> 260700 | ... O19: =SUM(O4:O18) -> 2565000 | P19: =IF(O19=0,"-",D19/O19) -> 0.87037168

Sheet 汇总分析
A1: 公司存款汇总分析
A3: 一、按存款类型汇总
A4: 存款类型 | B4: 机构数量 | C4: 时点余额合计 | D4: 日均余额合计 | E4: 本月新增合计 | F4: 目标完成率
A5: 活期存款 | B5: =COUNTIF(公司存款明细!C:C,A5) -> 7 | C5: =SUMIF(公司存款明细!C:C,A5,公司存款明细!D:D) -> 1041203.3 | D5: =SUMIF(公司存款明细!C:C,A5,公司存款明细!H:H) -> 1011800.8 | E5: =SUMIF(公司存款明细!C:C,A5,公司存款明细!L:L) -> 29700 | F5: =IF(SUMIF(公司存款明细!C:C,A5,公司存款明细!O:O)=0,"-",C5/SUMIF(公司存款明细!C:C,A5,公司存款明细!O:O)) -> 0.86049864
A6: 定期存款 | B6: =COUNTIF(公司存款明细!C:C,A6) -> 5 | C6: =SUMIF(公司存款明细!C:C,A6,公司存款明细!D:D) -> 973000 | D6: =SUMIF(公司存款明细!C:C,A6,公司存款明细!H:H) -> 942600 | E6: =SUMIF(公司存款明细!C:C,A6,公司存款明细!L:L) -> 47500 | F6: =IF(SUMIF(公司存款明细!C:C,A6,公司存款明细!O:O)=0,"-",C6/SUMIF(公司存款明细!C:C,A6,公司存款明细!O:O)) -> 0.87657658
A7: 通知存款 | B7: =COUNTIF(公司存款明细!C:C,A7) -> 3 | C7: =SUMIF(公司存款明细!C:C,A7,公司存款明细!D:D) -> 218300 | D7: =SUMIF(公司存款明细!C:C,A7,公司存款明细!H:H) -> 213300 | E7: =SUMIF(公司存款明细!C:C,A7,公司存款明细!L:L) -> 6200 | F7: =IF(SUMIF(公司存款明细!C:C,A7,公司存款明细!O:O)=0,"-",C7/SUMIF(公司存款明细!C:C,A7,公司存款明细!O:O)) -> 0.89102041
A8: 合计 | B8: =SUM(B5:B7) -> 15 | C8: =SUM(C5:C7) -> 2232503.4 | D8: =SUM(D5:D7) -> 2167700.8 | E8: =SUM(E5:E7) -> 83400 | F8: =IF(SUM(E5:E7)=0,"-",C8/SUM(公司存款明细!O:O)) -> 0.43518584
A10: 二、机构时点余额排名 TOP10
A11: 排名 | B11: 机构编号 | C11: 机构名称 | D11: 存款类型 | E11: 时点余额(万元) | F11: 目标完成率
A12: 1 | B12: =INDEX(公司存款明细!A:A,MATCH(LARGE(公司存款明细!D:D,1),公司存款明细!D:D,0)) -> 0 | C12: =INDEX(公司存款明细!B:B,MATCH(LARGE(公司存款明细!D:D,1),公司存款明细!D:D,0)) -> 合 计 | D12: =INDEX(公司存款明细!C:C,MATCH(LARGE(公司存款明细!D:D,1),公司存款明细!D:D,0)) -> 0 | E12: =LARGE(公司存款明细!D:D,1) -> 2232503.4 | F12: =INDEX(公司存款明细!P:P,MATCH(LARGE(公司存款明细!D:D,1),公司存款明细!D:D,0)) -> 0.87037168
A13: 2 | B13: =INDEX(公司存款明细!A:A,MATCH(LARGE(公司存款明细!D:D,2),公司存款明细!D:D,0)) -> 1001 | C13: =INDEX(公司存款明细!B:B,MATCH(LARGE(公司存款明细!D:D,2),公司存款明细!D:D,0)) -> 总行营业部 | D13: =INDEX(公司存款明细!C:C,MATCH(LARGE(公司存款明细!D:D,2),公司存款明细!D:D,0)) -> 活期存款 | E13: =LARGE(公司存款明细!D:D,2) -> 285600.5 | F13: =INDEX(公司存款明细!P:P,MATCH(LARGE(公司存款明细!D:D,2),公司存款明细!D:D,0)) -> 0.81600143
A14: 3 | B14: =INDEX(公司存款明细!A:A,MATCH(LARGE(公司存款明细!D:D,3),公司存款明细!D:D,0)) -> 1011 | C14: =INDEX(公司存款明细!B:B,MATCH(LARGE(公司存款明细!D:D,3),公司存款明细!D:D,0)) -> 工业园区支行 | D14: =INDEX(公司存款明细!C:C,MATCH(LARGE(公司存款明细!D:D,3),公司存款明细!D:D,0)) -> 定期存款 | E14: =LARGE(公司存款明细!D:D,3) -> 245000 | F14: =INDEX(公司存款明细!P:P,MATCH(LARGE(公司存款明细!D:D,3),公司存款明细!D:D,0)) -> 0.875
A15: 4 | B15: =INDEX(公司存款明细!A:A,MATCH(LARGE(公司存款明细!D:D,4),公司存款明细!D:D,0)) -> 1006 | C15: =INDEX(公司存款明细!B:B,MATCH(LARGE(公司存款明细!D:D,4),公司存款明细!D:D,0)) -> 开发区支行 | D15: =INDEX(公司存款明细!C:C,MATCH(LARGE(公司存款明细!D:D,4),公司存款明细!D:D,0)) -> 定期存款 | E15: =LARGE(公司存款明细!D:D,4) -> 215000 | F15: =INDEX(公司存款明细!P:P,MATCH(LARGE(公司存款明细!D:D,4),公司存款明细!D:D,0)) -> 0.86
A16: 5 | B16: =INDEX(公司存款明细!A:A,MATCH(LARGE(公司存款明细!D:D,5),公司存款明细!D:D,0)) -> 1002 | C16: =INDEX(公司存款明细!B:B,MATCH(LARGE(公司存款明细!D:D,5),公司存款明细!D:D,0)) -> 城东支行 | D16: =INDEX(公司存款明细!C:C,MATCH(LARGE(公司存款明细!D:D,5),公司存款明细!D:D,0)) -> 定期存款 | E16: =LARGE(公司存款明细!D:D,5) -> 198500 | F16: =INDEX(公司存款明细!P:P,MATCH(LARGE(公司存款明细!D:D,5),公司存款明细!D:D,0)) -> 0.90227273
A17: 6 | B17: =INDEX(公司存款明细!A:A,MATCH(LARGE(公司存款明细!D:D,6),公司存款明细!D:D,0)) -> 1014 | C17: =INDEX(公司存款明细!B:B,MATCH(LARGE(公司存款明细!D:D,6),公司存款明细!D:D,0)) -> 自贸区支行 | D17: =INDEX(公司存款明细!C:C,MATCH(LARGE(公司存款明细!D:D,6),公司存款明细!D:D,0)) -> 活期存款 | E17: =LARGE(公司存款明细!D:D,6) -> 189200 | F17: =INDEX(公司存款明细!P:P,MATCH(LARGE(公司存款明细!D:D,6),公司存款明细!D:D,0)) -> 0.86
A18: 7 | B18: =INDEX(公司存款明细!A:A,MATCH(LARGE(公司存款明细!D:D,7),公司存款明细!D:D,0)) -> 1008 | C18: =INDEX(公司存款明细!B:B,MATCH(LARGE(公司存款明细!D:D,7),公司存款明细!D:D,0)) -> 滨海支行 | D18: =INDEX(公司存款明细!C:C,MATCH(LARGE(公司存款明细!D:D,7),公司存款明细!D:D,0)) -> 定期存款 | E18: =LARGE(公司存款明细!D:D,7) -> 178900 | F18: =INDEX(公司存款明细!P:P,MATCH(LARGE(公司存款明细!D:D,7),公司存款明细!D:D,0)) -> 0.8945
A19: 8 | B19: =INDEX(公司存款明细!A:A,MATCH(LARGE(公司存款明细!D:D,8),公司存款明细!D:D,0)) -> 1003 | C19: =INDEX(公司存款明细!B:B,MATCH(LARGE(公司存款明细!D:D,8),公司存款明细!D:D,0)) -> 城西支行 | D19: =INDEX(公司存款明细!C:C,MATCH(LARGE(公司存款明细!D:D,8),公司存款明细!D:D,0)) -> 活期存款 | E19: =LARGE(公司存款明细!D:D,8) -> 156800.75 | F19: =INDEX(公司存款明细!P:P,MATCH(LARGE(公司存款明细!D:D,8),公司存款明细!D:D,0)) -> 0.92235735
A20: 9 | B20: =INDEX(公司存款明细!A:A,MATCH(LARGE(公司存款明细!D:D,9),公司存款明细!D:D,0)) -> 1013 | C20: =INDEX(公司存款明细!B:B,MATCH(LARGE(公司存款明细!D:D,9),公司存款明细!D:D,0)) -> 高铁新城支行 | D20: =INDEX(公司存款明细!C:C,MATCH(LARGE(公司存款明细!D:D,9),公司存款明细!D:D,0)) -> 定期存款 | E20: =LARGE(公司存款明细!D:D,9) -> 135600 | F20: =INDEX(公司存款明细!P:P,MATCH(LARGE(公司存款明细!D:D,9),公司存款明细!D:D,0)) -> 0.8475
A21: 10 | B21: =INDEX(公司存款明细!A:A,MATCH(LARGE(公司存款明细!D:D,10),公司存款明细!D:D,0)) -> 1005 | C21: =INDEX(公司存款明细!B:B,MATCH(LARGE(公司存款明细!D:D,10),公司存款明细!D:D,0)) -> 城北支行 | D21: =INDEX(公司存款明细!C:C,MATCH(LARGE(公司存款明细!D:D,10),公司存款明细!D:D,0)) -> 活期存款 | E21: =LARGE(公司存款明细!D:D,10) -> 132400.3 | F21: =INDEX(公司存款明细!P:P,MATCH(LARGE(公司存款明细!D:D,10),公司存款明细!D:D,0)) -> 0.88266867
A24: 三、关键指标看板
A25: 全行时点余额合计 | D25: =公司存款明细!D19 -> 2232503.4
A26: 全行日均余额合计 | D26: =公司存款明细!H19 -> 2167700.8
A27: 全行本月新增合计 | D27: =公司存款明细!L19 -> 83400
A28: 全行本月到期合计 | D28: =公司存款明细!M19 -> 60100
A29: 平均同比增长率 | D29: =AVERAGE(公司存款明细!N4:N18) -> 0.088466667
A30: 全行平均目标完成率 | D30: =公司存款明细!P19 -> 0.87037168
A33: 四、风险等级分布
A34: 风险等级 | B34: 机构数量 | C34: 时点余额合计 | D34: 占比
A35: 低 | B35: =COUNTIF(公司存款明细!Q:Q,A35) -> 10 | C35: =SUMIF(公司存款明细!Q:Q,A35,公司存款明细!D:D) -> 1642701.8 | D35: =IF(SUM(C35:C37)=0,"-",C35/SUM(C35:C37)) -> 0.73581157
A36: 中 | B36: =COUNTIF(公司存款明细!Q:Q,A36) -> 4 | C36: =SUMIF(公司存款明细!Q:Q,A36,公司存款明细!D:D) -> 537001.55 | D36: =IF(SUM(C35:C37)=0,"-",C36/SUM(C35:C37)) -> 0.24053785
A37: 高 | B37: =COUNTIF(公司存款明细!Q:Q,A37) -> 1 | C37: =SUMIF(公司存款明细!Q:Q,A37,公司存款明细!D:D) -> 52800 | D37: =IF(SUM(C35:C37)=0,"-",C37/SUM(C35:C37)) -> 0.02365058
